<?xml version="1.0" encoding="UTF-8"?>
<GenRun Id="impl_1" LaunchPart="xc7a35tcpg236-1" LaunchTime="1726201328">
  <File Type="ROUTE-PWR" Name="demux_power_routed.rpt"/>
  <File Type="PA-TCL" Name="demux.tcl"/>
  <File Type="ROUTE-PWR-SUM" Name="demux_power_summary_routed.pb"/>
  <File Type="REPORTS-TCL" Name="demux_reports.tcl"/>
  <File Type="OPT-RQA-PB" Name="demux_rqa_opted.pb"/>
  <File Type="BITSTR-MMI" Name="demux.mmi"/>
  <File Type="OPT-METHODOLOGY-DRC" Name="demux_methodology_drc_opted.rpt"/>
  <File Type="INIT-TIMING" Name="demux_timing_summary_init.rpt"/>
  <File Type="OPT-TIMING" Name="demux_timing_summary_opted.rpt"/>
  <File Type="OPT-DCP" Name="demux_opt.dcp"/>
  <File Type="OPT-DRC" Name="demux_drc_opted.rpt"/>
  <File Type="OPT-HWDEF" Name="demux.hwdef"/>
  <File Type="PWROPT-DCP" Name="demux_pwropt.dcp"/>
  <File Type="PWROPT-DRC" Name="demux_drc_pwropted.rpt"/>
  <File Type="PWROPT-TIMING" Name="demux_timing_summary_pwropted.rpt"/>
  <File Type="PLACE-DCP" Name="demux_placed.dcp"/>
  <File Type="PLACE-IO" Name="demux_io_placed.rpt"/>
  <File Type="PLACE-CLK" Name="demux_clock_utilization_placed.rpt"/>
  <File Type="PLACE-UTIL" Name="demux_utilization_placed.rpt"/>
  <File Type="PLACE-UTIL-PB" Name="demux_utilization_placed.pb"/>
  <File Type="PLACE-CTRL" Name="demux_control_sets_placed.rpt"/>
  <File Type="PLACE-SIMILARITY" Name="demux_incremental_reuse_placed.rpt"/>
  <File Type="PLACE-PRE-SIMILARITY" Name="demux_incremental_reuse_pre_placed.rpt"/>
  <File Type="BG-BIN" Name="demux.bin"/>
  <File Type="PLACE-TIMING" Name="demux_timing_summary_placed.rpt"/>
  <File Type="ROUTE-PWR-RPX" Name="demux_power_routed.rpx"/>
  <File Type="PLACE-RQA-PB" Name="demux_rqa_placed.pb"/>
  <File Type="POSTPLACE-PWROPT-DCP" Name="demux_postplace_pwropt.dcp"/>
  <File Type="BITSTR-MSK" Name="demux.msk"/>
  <File Type="POSTPLACE-PWROPT-TIMING" Name="demux_timing_summary_postplace_pwropted.rpt"/>
  <File Type="PHYSOPT-DCP" Name="demux_physopt.dcp"/>
  <File Type="PHYSOPT-DRC" Name="demux_drc_physopted.rpt"/>
  <File Type="BITSTR-RBT" Name="demux.rbt"/>
  <File Type="PHYSOPT-TIMING" Name="demux_timing_summary_physopted.rpt"/>
  <File Type="ROUTE-ERROR-DCP" Name="demux_routed_error.dcp"/>
  <File Type="ROUTE-DCP" Name="demux_routed.dcp"/>
  <File Type="ROUTE-BLACKBOX-DCP" Name="demux_routed_bb.dcp"/>
  <File Type="ROUTE-DRC" Name="demux_drc_routed.rpt"/>
  <File Type="ROUTE-DRC-PB" Name="demux_drc_routed.pb"/>
  <File Type="ROUTE-DRC-RPX" Name="demux_drc_routed.rpx"/>
  <File Type="ROUTE-METHODOLOGY-DRC" Name="demux_methodology_drc_routed.rpt"/>
  <File Type="ROUTE-METHODOLOGY-DRC-RPX" Name="demux_methodology_drc_routed.rpx"/>
  <File Type="ROUTE-METHODOLOGY-DRC-PB" Name="demux_methodology_drc_routed.pb"/>
  <File Type="ROUTE-RQS-PB" Name="demux_rqs_routed.pb"/>
  <File Type="ROUTE-STATUS" Name="demux_route_status.rpt"/>
  <File Type="ROUTE-STATUS-PB" Name="demux_route_status.pb"/>
  <File Type="ROUTE-TIMINGSUMMARY" Name="demux_timing_summary_routed.rpt"/>
  <File Type="ROUTE-TIMING-PB" Name="demux_timing_summary_routed.pb"/>
  <File Type="ROUTE-TIMING-RPX" Name="demux_timing_summary_routed.rpx"/>
  <File Type="ROUTE-SIMILARITY" Name="demux_incremental_reuse_routed.rpt"/>
  <File Type="ROUTE-CLK" Name="demux_clock_utilization_routed.rpt"/>
  <File Type="ROUTE-BUS-SKEW" Name="demux_bus_skew_routed.rpt"/>
  <File Type="ROUTE-BUS-SKEW-PB" Name="demux_bus_skew_routed.pb"/>
  <File Type="ROUTE-BUS-SKEW-RPX" Name="demux_bus_skew_routed.rpx"/>
  <File Type="POSTROUTE-PHYSOPT-DCP" Name="demux_postroute_physopt.dcp"/>
  <File Type="POSTROUTE-PHYSOPT-BLACKBOX-DCP" Name="demux_postroute_physopt_bb.dcp"/>
  <File Type="POSTROUTE-PHYSOPT-TIMING" Name="demux_timing_summary_postroute_physopted.rpt"/>
  <File Type="POSTROUTE-PHYSOPT-TIMING-PB" Name="demux_timing_summary_postroute_physopted.pb"/>
  <File Type="POSTROUTE-PHYSOPT-TIMING-RPX" Name="demux_timing_summary_postroute_physopted.rpx"/>
  <File Type="POSTROUTE-PHYSOPT-BUS-SKEW" Name="demux_bus_skew_postroute_physopted.rpt"/>
  <File Type="BG-BIT" Name="demux.bit"/>
  <File Type="POSTROUTE-PHYSOPT-BUS-SKEW-PB" Name="demux_bus_skew_postroute_physopted.pb"/>
  <File Type="POSTROUTE-PHYSOPT-BUS-SKEW-RPX" Name="demux_bus_skew_postroute_physopted.rpx"/>
  <File Type="BITSTR-NKY" Name="demux.nky"/>
  <File Type="BITSTR-BMM" Name="demux_bd.bmm"/>
  <File Type="PDI-FILE" Name="demux.pdi"/>
  <File Type="BOOT-PDI-FILE" Name="demux_boot.pdi"/>
  <File Type="PL-PDI-FILE" Name="demux_pld.pdi"/>
  <File Type="RCFI_FILE" Name="demux.rcfi"/>
  <File Type="CFI_FILE" Name="demux.cfi"/>
  <File Type="RNPI_FILE" Name="demux.rnpi"/>
  <File Type="NPI_FILE" Name="demux.npi"/>
  <File Type="RBD_FILE" Name="demux.rbd"/>
  <File Type="BITSTR-LTX" Name="debug_nets.ltx"/>
  <File Type="BITSTR-LTX" Name="demux.ltx"/>
  <File Type="BITSTR-SYSDEF" Name="demux.sysdef"/>
  <File Type="BG-BGN" Name="demux.bgn"/>
  <File Type="BG-DRC" Name="demux.drc"/>
  <File Type="RDI-RDI" Name="demux.vdi"/>
  <File Type="WBT-USG" Name="usage_statistics_webtalk.html"/>
  <File Type="ROUTE-RQS" Name="demux_routed.rqs"/>
  <File Type="POSTROUTE-PHYSOPT-RQS" Name="demux_postroute_physopted.rqs"/>
  <File Type="ROUTE-RQS-RPT" Name="route_report_qor_suggestions_0.rpt"/>
  <File Type="POSTROUTE-PHYSOPT-RQS-RPT" Name="postroute_physopt_report_qor_suggestions_0.rpt"/>
  <FileSet Name="sources" Type="DesignSrcs" RelSrcDir="$PSRCDIR/sources_1" RelGenDir="$PGENDIR/sources_1">
    <Filter Type="Srcs"/>
    <File Path="$PSRCDIR/sources_1/new/demux.v">
      <FileInfo>
        <Attr Name="UsedIn" Val="synthesis"/>
        <Attr Name="UsedIn" Val="implementation"/>
        <Attr Name="UsedIn" Val="simulation"/>
      </FileInfo>
    </File>
    <Config>
      <Option Name="DesignMode" Val="RTL"/>
      <Option Name="TopModule" Val="demux"/>
      <Option Name="TopAutoSet" Val="TRUE"/>
    </Config>
  </FileSet>
  <FileSet Name="constrs_in" Type="Constrs" RelSrcDir="$PSRCDIR/constrs_1" RelGenDir="$PGENDIR/constrs_1">
    <Filter Type="Constrs"/>
    <File Path="$PSRCDIR/constrs_1/new/demux_cons.xdc">
      <FileInfo>
        <Attr Name="UsedIn" Val="synthesis"/>
        <Attr Name="UsedIn" Val="implementation"/>
      </FileInfo>
    </File>
    <Config>
      <Option Name="TargetConstrsFile" Val="$PSRCDIR/constrs_1/new/demux_cons.xdc"/>
      <Option Name="ConstrsType" Val="XDC"/>
    </Config>
  </FileSet>
  <FileSet Name="utils" Type="Utils" RelSrcDir="$PSRCDIR/utils_1" RelGenDir="$PGENDIR/utils_1">
    <Filter Type="Utils"/>
    <File Path="$PSRCDIR/utils_1/imports/synth_1/demux.dcp">
      <FileInfo>
        <Attr Name="UsedIn" Val="synthesis"/>
        <Attr Name="UsedIn" Val="implementation"/>
        <Attr Name="UsedInSteps" Val="synth_1"/>
        <Attr Name="AutoDcp" Val="1"/>
      </FileInfo>
    </File>
    <Config>
      <Option Name="TopAutoSet" Val="TRUE"/>
    </Config>
  </FileSet>
  <Strategy Version="1" Minor="2">
    <StratHandle Name="Vivado Implementation Defaults" Flow="Vivado Implementation 2024">
      <Desc>Default settings for Implementation.</Desc>
    </StratHandle>
    <Step Id="init_design"/>
    <Step Id="opt_design"/>
    <Step Id="power_opt_design"/>
    <Step Id="place_design"/>
    <Step Id="post_place_power_opt_design"/>
    <Step Id="phys_opt_design"/>
    <Step Id="route_design"/>
    <Step Id="post_route_phys_opt_design"/>
    <Step Id="write_bitstream"/>
  </Strategy>
</GenRun>
