<?xml version="1.0" encoding="UTF-8"?>
<GenRun Id="impl_1" LaunchPart="xc7a35tcpg236-1" LaunchTime="1725596356">
  <File Type="ROUTE-PWR" Name="mux_power_routed.rpt"/>
  <File Type="PA-TCL" Name="mux.tcl"/>
  <File Type="ROUTE-PWR-SUM" Name="mux_power_summary_routed.pb"/>
  <File Type="REPORTS-TCL" Name="mux_reports.tcl"/>
  <File Type="BITSTR-MSK" Name="mux.msk"/>
  <File Type="ROUTE-CLK" Name="mux_clock_utilization_routed.rpt"/>
  <File Type="RDI-RDI" Name="mux.vdi"/>
  <File Type="POSTROUTE-PHYSOPT-BUS-SKEW-PB" Name="mux_bus_skew_postroute_physopted.pb"/>
  <File Type="BG-BIT" Name="mux.bit"/>
  <File Type="BG-DRC" Name="mux.drc"/>
  <File Type="BG-BGN" Name="mux.bgn"/>
  <File Type="BG-BIN" Name="mux.bin"/>
  <File Type="BITSTR-RBT" Name="mux.rbt"/>
  <File Type="BITSTR-NKY" Name="mux.nky"/>
  <File Type="BITSTR-BMM" Name="mux_bd.bmm"/>
  <File Type="BITSTR-MMI" Name="mux.mmi"/>
  <File Type="ROUTE-METHODOLOGY-DRC" Name="mux_methodology_drc_routed.rpt"/>
  <File Type="BITSTR-SYSDEF" Name="mux.sysdef"/>
  <File Type="BITSTR-LTX" Name="debug_nets.ltx"/>
  <File Type="BITSTR-LTX" Name="mux.ltx"/>
  <File Type="WBT-USG" Name="usage_statistics_webtalk.html"/>
  <File Type="OPT-DRC" Name="mux_drc_opted.rpt"/>
  <File Type="OPT-HWDEF" Name="mux.hwdef"/>
  <File Type="PLACE-IO" Name="mux_io_placed.rpt"/>
  <File Type="PLACE-UTIL" Name="mux_utilization_placed.rpt"/>
  <File Type="PLACE-UTIL-PB" Name="mux_utilization_placed.pb"/>
  <File Type="PLACE-CTRL" Name="mux_control_sets_placed.rpt"/>
  <File Type="PLACE-PRE-SIMILARITY" Name="mux_incremental_reuse_pre_placed.rpt"/>
  <File Type="ROUTE-DRC" Name="mux_drc_routed.rpt"/>
  <File Type="ROUTE-DRC-PB" Name="mux_drc_routed.pb"/>
  <File Type="ROUTE-PWR-RPX" Name="mux_power_routed.rpx"/>
  <File Type="ROUTE-STATUS" Name="mux_route_status.rpt"/>
  <File Type="ROUTE-STATUS-PB" Name="mux_route_status.pb"/>
  <File Type="ROUTE-DCP" Name="mux_routed.dcp"/>
  <File Type="ROUTE-ERROR-DCP" Name="mux_routed_error.dcp"/>
  <File Type="ROUTE-BLACKBOX-DCP" Name="mux_routed_bb.dcp"/>
  <File Type="ROUTE-TIMINGSUMMARY" Name="mux_timing_summary_routed.rpt"/>
  <File Type="ROUTE-TIMING-PB" Name="mux_timing_summary_routed.pb"/>
  <File Type="ROUTE-TIMING-RPX" Name="mux_timing_summary_routed.rpx"/>
  <File Type="ROUTE-SIMILARITY" Name="mux_incremental_reuse_routed.rpt"/>
  <File Type="ROUTE-BUS-SKEW" Name="mux_bus_skew_routed.rpt"/>
  <File Type="ROUTE-BUS-SKEW-PB" Name="mux_bus_skew_routed.pb"/>
  <File Type="ROUTE-BUS-SKEW-RPX" Name="mux_bus_skew_routed.rpx"/>
  <File Type="OPT-DCP" Name="mux_opt.dcp"/>
  <File Type="PLACE-DCP" Name="mux_placed.dcp"/>
  <File Type="PWROPT-DCP" Name="mux_pwropt.dcp"/>
  <File Type="POSTPLACE-PWROPT-DCP" Name="mux_postplace_pwropt.dcp"/>
  <File Type="PHYSOPT-DCP" Name="mux_physopt.dcp"/>
  <File Type="POSTROUTE-PHYSOPT-DCP" Name="mux_postroute_physopt.dcp"/>
  <File Type="POSTROUTE-PHYSOPT-BLACKBOX-DCP" Name="mux_postroute_physopt_bb.dcp"/>
  <File Type="POSTROUTE-PHYSOPT-TIMING" Name="mux_timing_summary_postroute_physopted.rpt"/>
  <File Type="POSTROUTE-PHYSOPT-TIMING-PB" Name="mux_timing_summary_postroute_physopted.pb"/>
  <File Type="POSTROUTE-PHYSOPT-TIMING-RPX" Name="mux_timing_summary_postroute_physopted.rpx"/>
  <File Type="POSTROUTE-PHYSOPT-BUS-SKEW" Name="mux_bus_skew_postroute_physopted.rpt"/>
  <File Type="POSTROUTE-PHYSOPT-BUS-SKEW-RPX" Name="mux_bus_skew_postroute_physopted.rpx"/>
  <File Type="ROUTE-METHODOLOGY-DRC-PB" Name="mux_methodology_drc_routed.pb"/>
  <File Type="ROUTE-DRC-RPX" Name="mux_drc_routed.rpx"/>
  <File Type="ROUTE-METHODOLOGY-DRC-RPX" Name="mux_methodology_drc_routed.rpx"/>
  <File Type="PDI-FILE" Name="mux.pdi"/>
  <File Type="BOOT-PDI-FILE" Name="mux_boot.pdi"/>
  <File Type="PL-PDI-FILE" Name="mux_pld.pdi"/>
  <File Type="RCFI_FILE" Name="mux.rcfi"/>
  <File Type="CFI_FILE" Name="mux.cfi"/>
  <File Type="RNPI_FILE" Name="mux.rnpi"/>
  <File Type="NPI_FILE" Name="mux.npi"/>
  <File Type="RBD_FILE" Name="mux.rbd"/>
  <File Type="ROUTE-RQS" Name="mux_routed.rqs"/>
  <File Type="POSTROUTE-PHYSOPT-RQS" Name="mux_postroute_physopted.rqs"/>
  <File Type="ROUTE-RQS-RPT" Name="route_report_qor_suggestions_0.rpt"/>
  <File Type="POSTROUTE-PHYSOPT-RQS-RPT" Name="postroute_physopt_report_qor_suggestions_0.rpt"/>
  <FileSet Name="sources" Type="DesignSrcs" RelSrcDir="$PSRCDIR/sources_1" RelGenDir="$PGENDIR/sources_1">
    <Filter Type="Srcs"/>
    <File Path="$PSRCDIR/sources_1/new/mux.v">
      <FileInfo>
        <Attr Name="UsedIn" Val="synthesis"/>
        <Attr Name="UsedIn" Val="implementation"/>
        <Attr Name="UsedIn" Val="simulation"/>
      </FileInfo>
    </File>
    <Config>
      <Option Name="DesignMode" Val="RTL"/>
      <Option Name="TopModule" Val="mux"/>
      <Option Name="TopAutoSet" Val="TRUE"/>
    </Config>
  </FileSet>
  <FileSet Name="constrs_in" Type="Constrs" RelSrcDir="$PSRCDIR/constrs_1" RelGenDir="$PGENDIR/constrs_1">
    <Filter Type="Constrs"/>
    <File Path="$PSRCDIR/constrs_1/new/mux_syn.xdc">
      <FileInfo>
        <Attr Name="UsedIn" Val="synthesis"/>
        <Attr Name="UsedIn" Val="implementation"/>
      </FileInfo>
    </File>
    <Config>
      <Option Name="TargetConstrsFile" Val="$PSRCDIR/constrs_1/new/mux_syn.xdc"/>
      <Option Name="ConstrsType" Val="XDC"/>
    </Config>
  </FileSet>
  <FileSet Name="utils" Type="Utils" RelSrcDir="$PSRCDIR/utils_1" RelGenDir="$PGENDIR/utils_1">
    <Filter Type="Utils"/>
    <File Path="$PSRCDIR/utils_1/imports/synth_1/mux.dcp">
      <FileInfo>
        <Attr Name="UsedIn" Val="synthesis"/>
        <Attr Name="UsedIn" Val="implementation"/>
        <Attr Name="UsedInSteps" Val="synth_1"/>
        <Attr Name="AutoDcp" Val="1"/>
      </FileInfo>
    </File>
    <Config>
      <Option Name="TopAutoSet" Val="TRUE"/>
    </Config>
  </FileSet>
  <Strategy Version="1" Minor="2">
    <StratHandle Name="Vivado Implementation Defaults" Flow="Vivado Implementation 2024"/>
    <Step Id="init_design"/>
    <Step Id="opt_design"/>
    <Step Id="power_opt_design"/>
    <Step Id="place_design"/>
    <Step Id="post_place_power_opt_design"/>
    <Step Id="phys_opt_design"/>
    <Step Id="route_design"/>
    <Step Id="post_route_phys_opt_design"/>
    <Step Id="write_bitstream"/>
    <Step Id="write_device_image"/>
  </Strategy>
</GenRun>
